time,mutation,DESeq
T1,0,1.051902898
T2,0,1.001094356
T3,0,0.908723042
T4,0.635681257,-0.303453209
T5,0,0.903858016
