time,mutation,DESeq
p25,0.0,0.2749562532777778
p35,0.0,0.275436861488889
p45,0.5083984826999999,-0.20885949414444438
p55,0.0,0.28015408466666675
p65,0.0,0.22642722829999995