time,mutation,DESeq
p25,0.0,1.0519028976363634
p35,0.0,1.001094355909091
p45,0.0,0.908723042
p55,0.6356812566363637,-0.303453209090909
p65,0.0,0.9038580163636365