time,mutation,DESeq
T1,1.0625,-0.125748155
T2,0.354166667,0.03625212
T3,0.761148533,-0.024729175
T4,0.174797304,0.070813927
T5,1.708333333,-0.229366782
