time,mutation,DESeq
T1,0,0.723808254
T2,0.757126188,0.523437304
T3,0.162123236,0.605429085
T4,4.950725664,0.235960406
T5,0.262611138,0.67463438
