time,mutation,DESeq
T1,0,0.784439902
T2,0.725315784,0.573789478
T3,0,0.722465861
T4,5.470592796,0.286206498
T5,0,0.744106522
