time,mutation,DESeq
T1,8.411764706,-1.057260331
T2,0,0.802741452
T3,0.048432678,0.670160468
T4,0,0.951954425
T5,0.087687604,0.681916781
