time,mutation,DESeq
T1,0,0.274956253
T2,0,0.275436861
T3,0.508398483,-0.208859494
T4,0,0.280154085
T5,0,0.226427228
